,emb0,emb1,emb2,emb3,emb4,emb5,emb6,emb7,emb8,emb9,emb0.1
0,4.965596,2.3667603,0.62375605,1.2381797,-2.4698527,1.7206123,2.000146,-0.53092754,-1.8057353,1.0481777,207ceda8
1,4.5144773,0.4947845,4.916298,-0.2195932,0.31379947,-0.7543542,1.0777072,-0.27546322,-0.7634186,0.33446252,d508b0d9
2,1.7482693,-1.7617134,2.958948,-1.9961505,1.2443097,0.34762022,-1.4437181,0.7670055,-3.9062886,2.435298,83a0ad1a
3,3.9122908,-1.4003396,0.9208632,2.2868152,-0.66682976,2.8428488,-1.9530617,-0.5837755,-3.1296744,1.1734815,ffcb6b9a
4,3.3389213,1.5537885,0.004022303,-1.1270407,-0.4377749,-3.7474818,1.2068362,0.4887436,-2.8310516,2.7668176,518d6168
5,3.6329007,-1.0807971,2.3805573,1.8077132,2.1666574,-1.2089046,-0.44324124,3.1033514,-1.0216228,2.78406,e59ef3fc
6,-0.33790314,0.5733611,1.417474,2.4621756,-0.27117935,0.25658008,-0.75586236,0.79989463,-1.795242,1.6410668,e9ca7d40
7,3.7493048,-1.0070996,1.5756503,-0.13297047,3.3299387,1.2952758,1.8074157,-1.4775116,-3.2428164,-1.1431822,ffb2c209
8,2.8763285,0.807342,1.1703228,1.1855148,-0.93410975,1.1541361,-2.973304,-0.6928266,-2.1583395,3.4120438,dc1e8b06
9,1.5406724,-3.5164833,0.929458,1.6456033,0.42126438,0.095645286,-0.76519686,0.0070166164,-3.6758761,0.9439408,faf9c1c2
10,1.2785056,-0.79143304,4.496092,2.39437,-0.55817014,3.3479211,1.1866722,3.6618295,-3.7332013,1.4304873,4e7614cf
11,3.6308465,0.39313108,-0.028035183,0.98070544,2.79474,-2.3790226,2.8082497,2.055488,-2.5419297,0.003599971,5abb07e8
12,2.2180827,0.31100747,2.4685857,2.7719662,4.0595264,-3.496511,1.5065846,-0.8347501,-3.120227,-0.3289962,4c391571
13,-0.09021102,0.007192525,3.4294364,1.2309886,1.1142806,-0.18798976,4.5637965,0.4249388,-1.9152449,3.6274292,686546d3
14,1.4324275,1.370455,2.7802784,-0.7780625,3.5860276,0.0512489,3.9563763,-0.40214238,-2.0008814,1.8574952,35584290
15,3.7564232,0.3765358,1.313345,-0.022868227,0.75306195,-0.051155753,3.0710356,0.4787229,-0.116318695,3.3379154,e8f79e60
16,5.8656745,1.9039588,0.970886,-2.1773944,0.7007315,-1.0879538,1.6673067,-2.2372026,-1.9947132,2.353511,383f4a51
17,2.0065632,-1.4389107,1.2350516,0.40359053,2.0010333,-3.0718322,1.447048,-2.6965792,-2.6127977,2.6331255,fe16ee49
18,3.0450165,0.6607453,2.0821714,-0.6519623,-2.6013188,1.7457432,2.2797961,-1.9351462,-3.5017166,-0.00853117,8eeec40c
19,4.2617745,1.6647853,1.6001644,3.2341492,2.998647,2.4404366,1.5783949,-1.1184666,-1.1213156,0.45857963,85a2e413
20,1.1030215,1.5547512,1.963773,1.8970828,0.6555839,-1.9046386,0.40026805,-0.56327665,-0.44453958,3.4330187,12fb4121
21,1.5370187,2.5087605,1.0701897,-0.36007932,1.0658509,-2.9789398,0.19093594,-1.1524713,-4.9300594,-0.62067765,1e25e084
22,0.19969414,0.24994485,2.7788181,0.17575352,-1.2687703,1.2253878,-0.20564371,-2.6511953,-5.4331546,0.28637704,2.0546E+081
23,0.75172824,1.0491459,1.1957973,-0.6221278,1.3168095,0.83022815,-0.2871555,-0.68950397,-5.895653,-1.2507098,96e44b4b
24,5.0336375,0.32617822,0.99398595,-1.9464186,0.69990456,2.4032962,2.2220888,-0.14601311,-2.1638176,1.0378042,54e6fb06
25,0.64777184,-2.0483294,2.102472,0.7090498,1.3564799,2.8241282,3.3653455,0.5351423,-3.6784024,0.98740613,74fb2abe
26,-0.32470566,1.7065786,1.9484098,2.913859,1.0549841,1.1219784,-0.30794904,0.19624694,-1.7600708,2.5760238,c1fcc9a1
27,3.7429338,-0.06577859,0.5734977,-2.5444298,-1.7813743,0.040301193,2.0015094,-1.4153053,-3.8619947,1.1076409,4307b3a7
28,4.058787,2.4561257,4.172603,0.7142922,0.41431895,-2.833184,-1.6098976,-2.4986155,-2.6154447,0.5641912,16c73019
29,3.8858366,-1.1047837,-1.6055839,0.5067771,-0.8156053,2.885621,1.9412129,-0.7508711,-3.826585,2.4882078,0a742914
30,2.4120865,4.5055647,2.6619835,2.5364668,0.65313435,-2.076899,1.4273876,-1.1960833,-2.3548062,-0.27177954,02d5151c
31,3.1929917,-3.3403606,2.5305724,0.4114739,-0.45914033,2.3945484,-0.0054329196,0.81656873,-2.476877,2.4700282,38f4081a
32,4.1426625,-0.060707565,1.1560848,0.23876558,2.6195724,1.4953448,-0.19362918,2.3709946,-2.735454,-0.7809335,cbb01868
33,3.3835573,1.0480694,0.4187023,4.6176763,2.9779375,-2.1593323,2.6140232,0.8256451,-1.446775,1.5999916,69bc54b5
34,4.2579665,-1.50124,-0.7656678,-0.13316539,3.6345203,1.0953766,4.4961157,-1.110502,-3.828892,1.5020925,b99a2c43
35,4.082223,-0.29532015,0.26131925,-0.20389271,0.7369257,3.277358,-0.123333804,0.5734891,-1.9787244,4.7971315,15d93b0b
36,4.0069714,-0.3336396,4.457451,-0.1294891,0.8047814,1.8170813,-0.40170252,1.6440716,-1.3278555,0.85479563,0d781900
37,2.124293,0.6900388,4.5968146,1.9422346,-0.21737313,1.7858113,0.18392304,-4.791343,-2.6483064,2.6872582,0920c555
38,1.6964281,-0.33764285,0.03664734,-0.9106021,2.0526154,1.9811592,-1.5250033,-1.6496875,-5.381304,1.3542966,4f9215eb
39,0.85135144,0.7218408,-0.6638768,2.4018192,-1.1864177,1.5927299,3.967956,-0.30474022,-3.89198,1.2167783,739196f0
40,1.7203704,1.3908961,-2.2411122,0.1656599,0.5328137,0.09664823,0.4034022,1.4096164,-5.608326,0.79927176,f282ab5a
41,4.5245776,1.4587405,-1.709621,0.7444521,0.22655599,-0.71868473,1.2983378,2.9206996,-3.1648712,0.8601527,1f40797f
42,4.958889,1.6634717,2.2405522,4.440855,-0.4389871,1.0331702,1.8694302,0.3308646,-0.38180777,0.9597192,9a28a858
43,2.9226508,1.1804876,-0.33850434,2.8424273,0.17730941,0.40564033,3.7953565,-2.4451213,-2.667313,0.14948747,9148eb3f
44,3.714008,-2.0592225,1.861437,2.7686255,2.7753577,0.38920498,2.0804484,1.5329977,-0.7449886,2.1355796,f17ebd97
45,2.3169196,-1.1473763,2.8680952,-2.8098774,1.160265,1.8603817,2.442006,0.7096086,-3.163161,1.7619287,17c2ad96
46,3.664575,1.0863776,0.5049956,0.3353035,2.7032611,0.70529824,2.243768,4.188527,-2.185466,1.7242411,6ae28757
47,1.4656522,2.2837994,3.6189218,3.4465847,3.7481823,-0.90826833,0.61929053,1.6544824,-1.3956196,1.7406418,53cdb927
48,1.0164864,2.3415058,1.4027979,0.052340277,-0.59651375,1.3569926,2.756554,-3.8639352,-4.1959667,1.3081231,a469e235
49,5.3597183,1.5012085,0.9197751,1.3442198,-1.6293951,-2.0911245,1.3490795,-1.9967993,-1.1499329,1.8780596,7480e371
50,0.5173051,1.2622433,-0.04581202,1.2294127,-1.1577967,1.3623016,-1.0472728,0.33780387,-2.5622013,2.085312,dbf3f634
51,0.5374696,2.3776457,1.4858534,-0.82101953,-2.333108,0.9643082,4.142786,-0.48205236,-4.2777905,2.7178495,801dfefb
52,2.109595,-1.0178019,2.1937845,0.14455608,0.35189867,0.8366162,-2.6330786,-3.1333957,-4.508879,1.555147,727e79e2
53,1.7264766,1.62661,2.7430224,2.207523,-1.7355934,0.8475069,3.6148312,-2.0675766,-1.7380912,1.7772464,5bcf81a2
54,2.5207787,-1.3118559,4.2969704,-0.16178529,1.7211009,-0.9764656,-0.7021121,-2.3344288,-2.1860776,0.9281865,def019d0
55,1.3312634,1.6756957,0.95148903,1.2374947,1.0356064,-1.2078058,1.508787,-4.4099097,-3.6113482,0.9529087,dfc6489e
56,1.8621604,-1.507951,3.0245028,-2.3985953,0.5051535,0.6624922,2.8478284,-2.0604725,-4.399767,0.67068964,4b0f0061
57,3.9453278,-0.8024347,3.6184244,3.3399196,1.176995,1.1041701,-0.33562037,1.2351848,-0.6033826,0.9202392,f5af7a86
58,2.943863,-0.5460053,1.8096039,2.9328535,-0.76225936,3.6837978,2.3319764,0.7443686,-1.5655208,1.7985117,2bb6ee2d
59,0.73291874,-1.9579133,0.39465076,3.2970495,1.7953558,0.30858842,1.1023071,0.91773885,-2.3694658,1.3290203,6fcff501
60,5.7859235,-1.9101728,-0.6144637,1.8754561,0.98714596,-2.1086226,-0.3355348,-2.3240614,-2.6705472,2.8637598,7294ea0f
61,6.413691,3.0087605,-1.1104068,1.8393356,1.0712674,-0.7074988,1.5603279,-0.2665585,-1.8585743,0.86401194,39cffaa4
62,0.18177551,-1.7256559,3.3184013,-0.31314415,-0.9608029,1.6977849,2.826845,-1.4157735,-4.176341,1.3384746,066a0884
63,3.5681486,2.9287038,5.045575,0.32911882,0.72291046,0.35974497,0.19352318,-0.31165916,-2.9843242,-1.7742461,8c788ce9
64,0.28507167,-2.2631683,1.8694215,-1.3771055,2.2364373,-1.1236011,1.13076,-1.3068483,-4.282232,2.838989,480eee51
65,2.723383,2.3638716,-1.8303368,2.016286,-0.66840374,-1.2431524,1.9221009,-1.3434969,-4.340986,-0.038785335,45e91bcc
66,1.61131,-2.1691275,2.891021,1.208683,0.2971656,1.5281318,-0.97864616,-2.4216247,-2.6749365,4.9462676,a187a464
67,1.590705,2.6825428,-0.58739436,1.7568467,2.564914,3.7426996,0.6804103,0.9635,-5.3771205,0.7937664,e4d8dd7b
68,-0.09702887,1.6356238,4.579842,-0.31519204,0.6355858,0.14921981,1.2985815,2.447557,-2.4748611,2.3143103,c321c5d2
69,3.1733055,1.2273958,-0.05596634,-0.5553973,2.2212834,-2.0435352,-0.8203906,-2.7791338,-2.7321937,3.2081316,c6d4e6cc
70,3.4078774,0.58230084,0.024191352,0.9732643,1.8847302,-2.9112806,1.3761263,2.963648,-1.7430769,2.8307955,42ad488d
71,3.0570934,2.0852058,3.3828998,-0.3420712,4.104516,0.04733295,0.41120332,2.4137316,-1.3483404,2.2349465,8fbe746d
72,4.3125424,1.2459415,4.14212,1.8804693,1.122424,1.5889022,-0.14795716,-1.2451264,0.08729559,2.8337018,1ee69d19
73,4.104927,2.6482291,1.5737063,0.8200874,2.6297197,-2.8728166,0.8543299,0.91661745,-1.2093235,0.9987804,c631f5ab
74,-1.982653,-0.44689488,2.2411096,0.43599597,0.8209445,0.35038427,1.8236084,1.1395903,-5.045148,2.3172452,c4e8210a
75,3.4509084,-0.25701934,-0.4726592,0.015215404,3.4661732,-2.9351418,1.2579378,-0.13789573,-2.2762313,2.8052464,caa04f32
76,2.8891187,-0.2219084,0.62503177,2.8572087,-0.5819183,-0.6118067,2.4133723,0.92000484,-2.4636588,-1.4722841,ceea3181
77,4.012936,3.8580973,3.1329837,-1.4785802,1.7734301,-0.57226837,1.7717564,1.1729766,-1.857094,0.5511319,7597f7cb
78,1.0949202,-0.74286956,0.913145,3.3290927,1.5719373,-0.38836777,-0.60700727,-1.8311583,-1.799068,1.8226523,57fe1b20
79,3.4888651,4.0803704,0.6571601,0.5279696,0.32754672,-2.4202468,3.430186,-0.08261159,-1.7154639,2.1537166,70ed6df4
80,3.889055,-0.11013572,1.3126688,-0.8504805,-1.3852811,-1.8743061,-1.3066027,-2.1450016,-2.579612,2.823143,4077d6f1
81,4.817499,-2.394141,1.6450001,4.316004,-0.13905792,2.1935132,1.321452,-1.3026631,-2.327307,0.3650655,84c7ba46
82,2.104015,2.9985878,1.5623465,1.3361843,-2.0958972,2.0647993,1.6772243,-0.72323036,-3.9016354,-0.8324316,2640e3f2
83,3.0507295,-0.7747988,1.6432517,-0.40225095,1.2937533,-2.9702878,2.491119,-2.7158465,-2.3106651,1.2660434,f48b083d
84,1.8175963,-1.5617858,-0.46091253,1.5967776,-0.17312336,1.0882908,-0.5333906,-3.3624012,-4.2461724,2.7991154,9b971c93
85,2.8632016,2.7188334,2.2580268,-2.530493,-1.5627021,-1.5050055,0.7109422,0.699671,-3.00579,1.8018525,90650879
86,2.706312,3.0037224,0.16128688,-0.4480178,2.0915778,0.42775795,2.0032806,-1.0936744,-3.1745796,-0.5000152,57ef2c87
87,3.3075702,2.0825205,-3.2283676,0.63231504,1.1422071,-0.47307423,2.1789334,0.58001494,-3.851065,2.9880707,14c5faa4
88,2.8027935,0.3085223,1.768561,0.38690534,3.4550257,2.172307,-0.17692551,-2.576357,-2.0036812,2.3623142,5ee41ff2
89,2.2513232,0.8045183,-0.9716969,-0.5301791,2.1810672,-3.2728128,1.512192,0.29527137,-4.4418473,0.5967516,97c9ac6a
90,2.7346222,1.5789782,3.1285806,-1.7399861,2.9189174,-0.2010183,-1.7072245,-0.9718095,-2.3873122,2.3943498,f9ec1297
91,2.7371302,-1.9118277e-05,0.98984134,1.1667908,0.48293546,2.3677316,3.852528,-1.1664448,-3.6390433,-1.3238696,030440fe
92,3.5123873,-2.0598748,1.756291,2.7082062,2.5374613,0.4835059,1.9121276,1.4419223,-0.61844873,2.1258996,f4d14b43
93,0.092628635,0.60531706,0.33320197,1.8305125,2.9217238,1.4718021,3.9958181,0.44050208,-3.6308157,1.0070249,6188fdec
94,2.8083224,0.044786368,1.0109689,4.08205,1.3393141,1.9543797,1.1258788,2.7557552,-1.7063309,0.8517624,78d60190
95,2.7112238,2.6183345,-0.93629867,1.3291919,3.0940714,-1.746999,2.6045313,0.18677934,-1.9029258,2.79957,be9c03af
96,0.3817925,-0.46879923,1.5478357,2.727996,3.4503937,2.9127104,0.38560054,0.48340073,-2.84475,2.5342963,00f648b7
97,2.796463,-2.03403,-0.35704267,1.1505883,0.6118569,2.3850114,1.4955662,0.81551373,-4.962025,-0.9029823,2ac17d2f
98,4.4815683,4.004653,3.749581,-0.14311135,-0.24718688,1.2270948,1.4072602,-2.9870226,-1.75306,1.4822387,9e8e8d09
99,0.15179043,-0.85722756,0.43151814,0.6559979,-0.29052776,2.1781435,-1.1527456,2.06808,-5.5457554,2.811467,4fa4c1bc
100,0.8113941,1.8694792,-0.43616512,1.994338,-0.4195548,-0.8410545,1.376017,1.7838991,-2.0231812,1.1347786,2a68aa20
101,3.0744777,-1.0912138,5.0807166,0.21622236,-0.85969573,-0.0016014965,2.6195812,-2.1621253,-1.2973114,1.7230765,e149eb68
102,3.5405731,-2.3105185,0.77766544,-0.5469615,3.613502,0.019010874,-0.05003348,-0.6739484,-2.2762334,3.0079944,f727f4e0
103,3.278572,0.09523578,3.9952223,1.978921,1.6875603,1.5492395,2.7031617,-2.0074146,-0.49007836,1.1958187,2dc42bde
104,4.2666564,1.260374,1.1880562,-1.6466637,-1.3188233,-0.45481977,-2.228469,2.283137,-3.5117002,3.431188,3dc2d6de
105,3.7090685,-2.0507126,1.6709632,0.91040224,1.4371631,-2.9183347,1.3011874,0.28167835,-0.95666426,3.502884,47cb5f41
106,4.0029125,-1.6237091,0.52218103,1.3791494,2.1777413,0.25336093,-0.8730295,0.49251342,-1.0648485,4.49414,e5097003
107,0.5050741,-1.6719121,-0.11424832,2.2666698,0.9070237,-0.65923005,1.1993885,0.47742394,-2.3191102,0.6716594,ce3307ec
108,-0.48970518,-0.39619064,2.2315693,1.9743333,1.7175074,0.6164717,3.0194182,2.9593132,-2.944779,2.5429304,61d63b29
109,4.5741324,2.4701722,-0.63787603,0.11376062,0.376479,2.1342692,0.83560187,2.106588,-1.865489,2.484019,f08a3ad1
110,1.8906567,1.7416556,1.9694227,2.9104214,3.6997817,1.3299502,3.621099,-0.49797216,-0.96606743,2.785184,3.4781E+045
111,4.1861463,-0.123859204,1.0935116,0.8976883,-2.6778846,1.116575,-0.9735789,-2.4265282,-3.31829,0.9163155,693037000000000
112,0.5110132,-1.3165952,2.2937648,0.43629888,2.283832,3.4363668,-0.32471243,-0.91402763,-4.3849907,1.5386211,c7636eae
113,3.5252554,-0.616147,3.0172727,0.19400075,1.6616756,0.8116889,2.7034752,-4.520566,-2.9077184,0.22291584,1b171d6d
114,1.8354243,1.1028765,2.1690135,-0.67336494,3.4893854,2.4618645,-0.79675084,1.5322843,-2.4486427,3.294418,cbabd2a4
115,2.508851,2.9744961,4.300414,1.1290053,2.6922438,-0.029000474,1.3483229,-0.49182037,-0.8367019,0.75372297,3ce4be5b
116,0.46617937,1.6423825,4.7600193,1.1619704,1.8587146,0.08581003,2.4020865,-2.4953647,-3.6702476,-0.43531096,5114c672
117,2.3304067,-2.4087431,1.3010141,0.7719027,2.1199446,2.3870401,1.1870661,0.22196576,-1.7487068,4.195135,4a02380f
118,-0.014514105,1.2352679,1.9912269,-0.21419099,-0.29734778,-1.0181557,0.23282488,-0.85060513,-1.487594,2.4305315,5b08c53b
119,3.2030811,-2.2373753,2.594714,1.2797697,-0.86760235,-1.1199374,0.24388704,-2.091134,-1.2630246,3.741451,5272eb7b
120,-0.16381979,-0.034232803,1.0147759,1.0634418,0.10363832,-1.0649616,-0.26182264,0.7717082,-1.4276804,2.7316823,d9750ee7
121,1.4680434,0.4412803,1.7368221,-1.6095847,-0.1253109,1.1231426,4.793731,0.8003765,-5.9344363,-0.5155341,7dd19f44
122,0.61616117,-0.24491532,2.8087275,2.448381,1.2147373,2.7161047,2.5156097,0.76209515,-4.438031,-1.4193814,ee8b8550
123,2.0676606,2.0831597,5.8200297,1.8361416,-0.8920994,1.8759159,-1.5299575,0.6260497,-2.6971037,1.1481888,d7f3460b
124,4.5261207,-0.64860255,3.5953767,0.7508331,1.1452466,3.4550803,0.84730923,-0.6764092,-2.6561015,-1.0956233,d1a51189
125,3.7838829,0.78388464,-0.25666326,2.0513015,-0.84289527,1.7339028,-0.15755309,3.8725374,-3.537749,0.75851285,45832b51
126,1.569056,-0.4077102,3.705317,3.6946945,1.8481112,-0.77725935,2.9396613,-0.6566243,-0.96093863,1.1556494,c9dea231
127,3.4141583,-1.5549057,0.6318873,-2.1366277,-0.2419483,1.5609597,1.3530093,1.6948594,-4.505559,0.3012251,11b0b28b
128,1.02888,-2.088888,-0.18915324,2.9448085,0.7921486,0.66124415,2.4222572,1.0777118,-2.8912704,1.0372908,a831e579
129,1.5018467,3.0246387,2.0062833,0.8478711,2.925062,-0.49961004,-1.4153526,-2.7209074,-3.6129115,0.69132966,6e4efb2c
130,0.5275824,-1.8609436,0.43759286,2.4502592,0.9015348,-1.0190547,0.68408144,-0.376964,-2.1690595,0.6893241,a7853007
131,0.033552736,1.0572848,1.3655753,3.355139,2.2110229,-0.119222485,3.2487726,-2.4644794,-2.4356556,2.1632128,50d76ac2
132,0.5254862,-1.4873894,-0.41686103,1.9716454,0.309634,-1.0857677,0.73137385,0.32743773,-2.4946647,0.70744854,86e38d08
133,1.0070509,-0.63619995,-0.06829139,2.3102953,-1.0760235,0.23469603,0.074806735,-0.3142264,-1.9248978,4.40905,43d6df75
134,2.2741923,-0.27718782,2.958617,-2.3095953,1.3591405,-1.7931525,3.4730086,0.60375816,-2.5256495,1.3426957,9aef3962
135,2.120777,0.17901626,-1.3636475,-2.2573233,0.8643904,-0.750767,-0.30178398,-0.59758323,-5.516405,4.222682,e023ba3e
136,1.6065022,1.3895735,3.7115023,2.1974018,1.7943292,4.219144,1.4568361,-0.4175243,-1.8618826,1.875542,d5d760f7
137,2.728224,1.791492,-1.5720191,0.7132526,1.5104163,1.3455956,3.6035569,1.9172455,-3.0223083,1.5016714,e2547d3b
138,1.0475923,-2.2892785,2.5647213,1.1795677,4.1201935,0.64337176,1.40739,0.46354014,-2.3035505,2.7667818,d4abfeb4
139,2.9894104,-0.49359322,0.15850034,0.9739534,2.4630992,2.0661263,-0.08210548,3.5700853,-2.5021849,3.7363393,e7eebe29
140,2.1048281,-0.21982539,3.8263237,0.2751565,0.11025843,4.092827,-1.1675702,0.72251934,-2.7149796,4.5816307,1a5c1d83
141,0.36567694,-0.4983725,4.3430185,1.1780533,3.250206,1.0023067,-0.5207904,0.542076,-3.335987,0.22031514,450d6400
142,5.2995257,-1.6463368,2.3955264,-1.2657727,-0.03550855,1.4203469,-0.21440037,-1.284809,-1.5219938,2.8657515,eccc36f6
143,0.05472539,-2.3979087,3.9384654,-0.70724404,1.2590276,-0.044928905,2.2171035,0.7802916,-3.210023,2.4893892,20cfb015
144,-0.66267043,2.4128737,3.421143,1.0424403,0.6377639,2.760548,2.028145,0.13542467,-3.4883626,1.2909305,ed20607b
145,0.4529298,-1.4766154,-0.6834351,1.3058226,1.3593248,-0.83662313,0.21505642,0.47013932,-2.3155448,1.3254982,6256f5b4
146,-1.2050959,0.10935963,1.7828579,0.25074005,1.3619283,1.4294173,-0.9660815,-1.2408205,-5.220682,2.9744685,e139b348
147,1.1739606,0.5715316,3.220419,-0.8936583,3.4826665,-1.3700833,2.1165507,3.0224266,-4.504688,0.050043914,6399eda6
148,3.0641286,2.3620698,2.376837,0.12081548,-0.5746204,2.6774187,-2.139278,-1.8661029,-3.8837771,0.40535876,c74e86fb
149,1.6488241,1.0256112,1.1129187,-3.0052032,2.2743497,1.5196811,0.8444863,-1.2693915,-4.920484,1.2494062,fe68d958
150,1.637635,-3.5455484,3.155359,0.9157234,1.8617946,0.42789322,1.9311838,-2.8970106,-2.9718776,2.7333076,f4959604
151,1.8428946,0.93248147,3.180205,0.81630206,3.1665134,-3.5507371,-0.1771896,1.3036826,-2.1435094,1.6771301,2ee82a0f
152,1.5040721,-0.56608313,1.3608383,-1.4941658,-2.3385956,1.8293109,0.27801064,-1.6289512,-4.930032,3.4808962,d6137915
153,0.4101839,-1.9712672,1.1591287,2.5973692,-1.3142073,2.2632565,2.2084553,-1.9583626,-3.898527,3.1252034,1b581e08
154,2.9888706,-2.2546449,0.038984373,1.1114887,2.076969,1.0245049,0.5528011,-3.2168112,-3.8354177,0.6103292,4407d527
155,-0.600446,2.8078032,2.103405,1.853071,2.3847377,-1.1268667,0.36968422,0.585503,-4.855038,-0.14296745,b7e9786d
156,3.0946226,0.73237926,0.5283581,2.2739315,-0.5339771,-2.1578844,3.3855026,-2.9883742,-2.201074,0.9480131,ad61648c
157,1.9943223,0.28737733,1.7618492,-1.1705997,1.0302032,1.3264014,2.1461074,3.2581234,-2.1588206,4.8526344,4ad8fafc
158,2.8561409,2.787744,1.3456646,-0.12878157,3.3551311,-3.9037313,1.4512792,-1.7936801,-3.151084,1.3224905,75f43c5a
159,4.080433,1.4353985,-1.3470027,-0.43659452,-2.5673592,0.29415804,0.33709428,0.40833127,-3.614362,1.7469791,fa004722
160,2.5960476,2.6358728,2.9999132,1.5550321,1.4473553,2.754825,0.57704735,2.1738183,-0.9135741,2.5047522,c5be5db1
161,0.8161397,-0.79733056,-1.065636,1.0196581,0.8727641,-0.97884434,2.568599,-0.94470793,-2.478748,2.795903,17caea14
162,6.2662673,0.34674963,1.1210173,1.9920576,-0.02350694,3.0910068,-0.53954417,1.3704824,-1.4105074,1.8238049,d266097b
163,3.6971376,0.28167966,2.2935593,-2.4202356,1.1486058,-1.8647574,-0.9279199,-1.0687045,-3.7699652,0.06934863,c84142bb
164,5.4117775,-0.284004,0.28084007,-0.93732387,0.07642298,-2.704151,1.3867719,0.4943722,-1.7700568,1.9860913,68cf09a3
165,1.92249,-2.2686925,1.9628104,-0.22562009,1.5731702,2.921603,0.7144945,3.1070206,-4.377168,1.2451549,ec44f0b7
166,2.3945284,-0.2593063,5.6772947,3.0171227,-0.90719515,1.2822315,2.3460035,1.0755655,-0.77558964,3.3980348,9a977531
167,2.011079,1.4671273,-2.1589158,0.77910733,2.2164342,-1.3990674,0.15710711,-2.0748904,-4.7206793,1.5161467,c72ac38f
168,-0.43501657,1.0626119,1.8093673,3.4059455,0.017629392,0.36985078,0.50659853,0.2917408,-1.7991995,1.3969083,6c5b482c
169,2.4629538,0.30793813,-0.120003626,0.2892879,0.54185355,-0.6768538,4.137492,-0.77107954,-1.1094203,3.7029665,0eb72673
170,5.238686,-0.050102532,3.1015797,0.58051926,1.9274054,-2.01224,-1.6537511,-0.8388423,-0.80365205,3.137106,763a42b5
171,3.1016543,-0.042515785,-0.74424875,2.3483558,0.35770896,-1.0545356,-0.11569366,-3.8395622,-4.3948627,0.25004345,765a0577
172,3.6563585,1.5064069,-0.70428485,2.8372743,0.5843635,2.9989464,2.8806193,-0.52825385,-1.9078305,1.3615671,0ae8f59e
173,1.0006114,2.1306005,0.9414199,-1.2631502,-0.20825508,1.2172538,0.41559592,2.409275,-3.5291066,1.5193932,5b4d2eda
174,3.092944,-2.371025,2.203027,-0.6993307,2.6402385,-0.25185296,1.2104425,2.8391693,-2.293692,1.8480563,85018827
175,1.778807,0.9312088,2.6173816,-1.8383598,0.04950728,-1.3599418,1.5723974,-2.4653091,-4.8016963,-0.7490553,1f06fdaf
176,0.7408594,2.5026298,0.48905265,0.4115046,-0.320322,-1.0276105,-1.5206105,-1.8717085,-6.0716453,0.4651537,b15e894b
177,5.6425867,-0.9388654,0.07978192,3.3784218,-0.7803892,-0.3035931,2.5290148,-0.24579449,-0.80910915,2.8736396,38c202aa
178,4.653125,0.54540586,1.537307,2.0389843,3.0610745,-0.754067,-0.4660249,0.25339198,-1.3293049,-0.5263576,61a8c644
179,3.313283,0.8959342,3.5551581,0.95379025,2.0840025,-2.2707605,2.7758055,-0.69542843,-0.45091116,0.98439246,97b6e615
180,5.4857254,0.52855384,2.3796003,-0.61408657,0.9990634,-0.19236067,-0.082294814,-1.8790418,-2.1040578,-0.8177814,e1419bff
181,4.2743387,2.076936,3.1207373,3.2420797,0.6064534,1.4952387,2.5017283,-0.14016896,-2.7934647,-2.4754376,e7a92cc6
182,2.9601715,0.7979892,2.5924413,-0.59745574,1.1794938,3.5565042,-2.0339024,0.58720183,-3.3888018,1.1514893,56c2fd20
183,3.2519624,-0.2698791,-0.19845627,-0.3072558,-0.8517837,2.8613865,-1.8973072,0.7502348,-4.2066383,2.2091577,33092ec0
184,1.2670385,-1.1473997,0.26893258,-2.058132,2.5853193,0.54391384,3.1022947,2.1957965,-5.2080293,3.063844,89a490f5
185,2.34035,-0.40187573,-0.035686992,-1.1227263,2.5869966,3.3906446,-0.3398768,0.44450352,-4.0950933,2.3778112,9fe0fa9b
186,0.65145355,-1.3361716,4.242188,1.0174422,3.1949625,-1.5213029,-0.11433499,-0.26862127,-2.1956942,2.2444015,5014edea
187,5.5068398,1.9485576,0.38368112,-0.062228788,2.709727,1.6423126,0.8090172,-0.4034478,-1.0493672,1.748647,a36d69ee
188,2.4456623,-0.18858245,3.2446365,0.9769334,5.3366942,-0.32609954,1.8214097,-0.16495621,-1.9968325,0.69711155,a38dc379
189,-0.68088174,1.7770915,3.4002922,-1.2767906,1.5725322,1.318931,0.4751166,-0.032663368,-4.8532705,0.7571762,a0d2d4e4
190,5.1430435,-1.9493848,1.7863331,-0.8364958,1.6944191,-0.46991467,1.9160144,1.3470405,-1.7254854,0.33798894,bdf29b81
191,0.14166737,0.7770763,1.9891192,2.223738,0.9004102,1.3038429,-1.7859607,-1.6017288,-5.0530977,-0.26658732,636f3a62
192,2.1653385,-0.83726317,1.157709,-0.47640598,1.9600958,-1.3183519,-2.3264883,-2.076805,-3.3928418,3.2711637,f42b9119
193,3.1589656,-2.4174798,4.615172,0.8736098,0.19342548,-0.16749117,-0.9007587,0.1432801,-1.3145651,2.6713085,ef5ed6b8
194,3.0051334,-1.3581831,0.9378352,2.2783747,2.2405517,4.452689,1.1083493,0.34082603,-3.1209805,0.777844,887a4754
195,4.7565136,3.473813,0.6702692,1.362411,-0.8080965,-0.08910472,-0.63837427,-2.5365288,-4.0188923,-1.0050384,3281baa7
196,4.838915,2.068727,-0.06127538,-2.0019252,3.4155333,-0.7420223,0.065897085,1.5331421,-2.7044508,3.8125908,fec6e632
197,2.8857982,3.7906952,1.7591684,-0.3541746,-2.5512798,-1.3652388,2.9251134,-0.6392508,-2.9704216,1.0854467,ac696ed4
198,4.0077276,-2.1325884,1.4391971,-1.2990757,0.5111983,1.6097542,0.18184666,-1.5719523,-4.549674,-0.68695164,05c65e53
199,0.4359972,1.4434578,0.8394972,0.9804873,2.3478115,-1.8802097,4.2668853,-0.8392235,-3.652865,0.45423046,9b124c1e
200,1.0057182,1.4927485,-0.43405968,-1.4177973,-0.19026884,-2.2256992,3.3667636,1.5439645,-4.9818363,2.1219914,c6af341d
201,0.78441316,2.9863849,1.967019,0.0387032,1.6523358,-3.7141216,2.5950534,1.3054951,-3.441801,1.5445487,1a8a7c01
202,0.7560294,1.9296595,-0.19561812,2.2861366,1.0437881,-0.41382414,2.210073,-1.4893833,-5.0975685,-1.2372589,0aab7161
203,-0.50820285,-0.08694512,1.4412324,2.9602153,-0.8282108,-0.048456207,1.6273253,-3.617817,-5.3618126,1.4608674,5b787406
204,1.6987994,-0.46625516,3.0017114,-1.2887497,3.4661887,2.4102993,1.1893228,-0.12963945,-4.428279,-0.4390156,085baac9
205,2.2261193,-2.377318,4.972467,2.4427173,1.2005178,2.9633842,-0.345168,-1.3056463,-2.6597447,1.544495,b8eae5f9
206,3.6371384,-1.7789654,1.2312689,0.64723885,-1.6118087,0.49016398,2.7362444,-2.4065535,-1.6479163,2.9606092,06c3aee0
207,4.954284,0.612689,1.0986719,-2.4282029,-1.143648,0.47714624,-1.5271854,-0.74182117,-4.3519983,0.7550059,f6cba1bd
208,3.1449418,-0.5391347,1.1099663,-0.7214326,0.90224916,0.2728236,0.1407296,-1.9089568,-1.4174522,5.3700013,2c4ed2f7
209,4.6030188,0.029164162,-0.96964306,-1.1088778,1.5671089,-1.3237414,2.424635,1.0602422,-3.1744916,0.230484,9ee9dd00
210,3.5303302,1.41022,2.615452,-1.5606091,-0.7686769,1.591398,-1.2660218,-0.6995772,-1.8658497,3.9462862,bd51269e
211,1.5422398,-0.5865039,0.7742512,1.7361205,2.136103,-1.4790682,3.1750584,-2.9646125,-3.9245737,-0.36370102,3dbbce24
212,3.1679482,3.7695796,1.3133873,-1.5884562,1.1376482,-0.5242767,0.9444624,-0.8292439,-1.6059604,3.935682,fa26cfe9
213,0.28961316,1.5722778,0.51938355,-2.299054,-0.33010903,-0.569371,1.9607605,-1.5332036,-6.030708,1.6927081,94bb55de
214,2.039347,2.5289254,-0.024171336,-0.37872428,-0.99269825,0.31349763,1.8089163,1.2310276,-5.7609534,-1.267582,0df82c00
215,-0.2644164,-2.3150604,3.713069,1.3918445,-0.9510966,2.4746675,-0.38910955,0.013382727,-4.906963,2.662563,f61eaaae
216,1.8516215,1.8623757,0.06298918,0.8265507,3.077967,0.22230811,2.3883536,2.0267715,-1.5762943,4.2761407,2352189d
217,1.4581985,-0.4911576,2.495958,-2.275256,1.9154623,0.66226906,0.009377398,-2.9575028,-3.9528549,2.4977157,a4427a7b
218,5.061412,-2.5221531,0.7839101,0.60437554,-2.0119953,-0.636121,0.22802244,1.3568554,-2.3825803,1.8966547,e3c09f3a
219,3.0249953,1.1960655,-1.5714303,-0.7161002,2.4013028,1.5724959,1.1599326,-1.2311594,-2.8371146,3.906139,424f0ecf
220,4.0909624,-1.69429,-1.3390454,0.09331282,-1.0699617,-0.37061328,-1.7331231,-1.3650647,-6.8481264,1.1988469,4bf5bbe2
221,2.279465,2.4963765,0.2646375,3.6430633,1.3252032,0.5354485,3.7453454,-0.28883252,-2.0081663,0.25446668,c04bee75
222,5.4107876,-0.7897037,2.1881816,-0.53266853,-0.636876,-0.3839306,2.3870265,-1.7797868,-1.2945985,0.81569266,c661715c
223,3.5525696,0.74692476,-1.0473902,2.6150157,0.45315692,2.1277256,0.5580151,-1.7110893,-3.7661014,-0.7354775,461f4ff6
224,1.5006381,0.059343915,0.63441485,0.86571264,3.1175284,-0.11421469,2.74757,0.23755814,-4.6175346,-1.7434111,2f19f7f2
225,3.0610025,2.7927647,-0.5459756,-0.14987339,0.102024205,3.3730516,1.9001974,-1.0963047,-2.8553405,2.2165256,6f34dd1d
226,3.6677165,0.6821112,4.4162984,1.8851317,0.492112,-1.6304029,0.36346728,1.5957686,-0.01535888,2.528742,a7ce52cc
227,3.0726388,2.2142565,2.0348277,-2.8207052,0.94841975,1.3121825,0.05827141,-1.1823666,-2.4121966,3.1003551,ff108d09
228,1.3185616,0.0139281675,2.698383,0.052033957,-1.3669288,3.8341448,0.38941044,0.26299527,-5.546049,-0.23182882,fcf494bd
229,2.1026132,-0.18195705,5.106092,2.6070971,2.1926777,0.39904365,0.54370916,0.2423654,-1.7405746,-0.6195928,90a340b2
230,0.475604,1.8922316,1.8952284,-1.0810957,0.73361206,-0.07742076,-3.0067556,0.78519917,-6.024341,2.1771905,f9c69707
231,2.4361274,0.65609384,-1.0717938,-0.20508474,-0.45526165,-1.2975161,2.9766824,-2.2256565,-2.9646778,3.4266555,e5c60a05
232,1.9694805,0.04396343,4.498859,-1.4202778,-0.37508443,2.324935,0.49879667,-1.6461258,-2.7748435,1.2124951,19b2f44f
233,2.700582,-3.0554287,1.0361918,-0.04563382,3.0629537,2.2190871,0.61160135,0.77415156,-3.4331806,1.6213411,51a8ceda
234,4.8499002,-1.7176739,2.818843,1.9985086,0.81969464,0.7884454,-2.0127685,-2.1892388,-1.9845824,1.0658529,c9dabf4c
235,1.4696163,0.28093788,-2.0751026,0.6193976,-0.22828284,0.84802836,2.1156666,-0.5332281,-5.53426,0.38653788,ad786c1a
236,2.4228954,-1.1086046,3.7989268,-1.2233709,2.3423655,0.4517636,1.8569162,-1.5209016,-1.2424648,3.078404,2ac37fce
237,4.2739644,-0.6815198,1.7288105,-0.17703351,-1.1888309,2.8732336,-0.34453887,1.958039,-3.6316648,-0.23565196,34040f5c
238,2.4148428,-0.033107214,0.4261556,0.86640644,1.2005581,-0.43098676,5.104125,2.1330652,-2.6603618,0.62118447,419a32e2
239,1.5369855,4.529998,2.3358352,-1.1555988,1.9679412,0.7707017,-0.23593369,-0.58420354,-3.1340902,1.6231941,cdd3448e
240,2.829216,0.17660245,3.162763,-1.0694185,3.4494953,-2.2438278,1.7565972,-1.2258517,-4.028111,-1.2883615,cffc1324
241,2.289397,2.0970862,1.7653507,-0.99851114,1.2238876,-0.26569915,-1.0065504,-3.6932187,-3.8753767,0.9766501,60efd545
242,4.0166893,1.3534044,1.8947502,-1.7755411,-0.035057914,2.41716,1.0234238,-0.77488065,-3.6765833,-0.9153515,f83b8be0
243,1.0420331,0.4013985,0.032699563,1.6550387,-1.1957889,0.1417072,1.1477835,1.7099378,-1.2119043,2.7025282,93eaba74
244,1.5271531,-0.16857135,0.6705739,3.6172752,2.8612602,1.1264178,1.340579,-2.5141585,-4.297258,-0.8111526,7aec40a2
245,0.32833302,1.3117644,0.6709827,-0.77783823,3.6359053,-0.45665407,0.4325995,-0.40702742,-3.4018316,2.2338204,856e6d3f
246,0.45129132,-1.365463,2.9856973,0.6820701,1.1877519,-0.65375775,4.836422,-2.130763,-3.4097438,1.3312635,dbefa79a
247,1.7897159,0.7778412,4.8120675,0.305865,2.4498951,0.56083477,-1.7086148,0.49485755,-1.6437362,2.3134453,43f201fc
248,-0.6310051,-0.31596148,4.138959,0.26276955,2.3294945,1.7014238,0.89115685,0.2262894,-2.7101934,3.355515,b16f6996
249,1.8408728,1.469286,-0.27786043,2.1929471,1.2110866,0.5175365,-0.24576375,0.827962,-0.61525023,2.4790332,716ad30e
250,1.7320969,-1.0153848,3.0675187,2.4898653,2.0681887,1.9770697,-1.7476827,2.917652,-2.518168,2.9825866,0ed75ebe
251,1.7653702,3.2394214,0.32180125,-1.1145022,-0.6088451,1.8790197,0.007083832,-1.683781,-4.8294373,1.0831813,5c7db25f
252,1.1629786,3.1141486,4.0235333,0.086205624,1.4607941,-1.9862399,-0.8087125,1.5807344,-2.8095245,0.8135389,315a8036
253,-0.52043855,1.0870911,0.6428998,0.5525773,1.3151344,3.7808645,2.4881952,0.020483064,-4.9281344,4.317923,38217daf
254,0.29445422,0.15721898,3.8837209,0.3189785,-0.95442593,2.8040602,2.5170233,-0.7947571,-2.5988846,4.2642045,e6409ff1
255,3.9169981,0.4816476,2.943124,-1.6835707,2.595354,-0.3123206,2.9430358,-1.0524751,-1.7351353,0.28371403,198f3f8c
256,-0.3965361,0.85825,3.4602978,1.246447,1.34799,2.6046522,-1.6021188,0.6947067,-4.029724,1.9421641,d35c370f
257,3.4751182,2.5008469,-0.3706177,3.458767,2.3253257,-2.5759225,0.86871874,-2.3161125,-3.1827707,0.14236932,cf3a1767
258,1.848496,2.4188738,2.2627716,2.182276,2.3178601,-1.0508473,3.3344333,1.4011385,-2.4156883,-1.0449456,7549fe4f
259,4.10226,2.631144,1.970492,1.5295571,3.0567281,1.5053743,2.49318,2.1142356,-1.5874438,-0.25861952,203b00f1
260,2.4334488,-0.36703005,1.7504158,1.8462526,0.25336468,0.02093642,-1.4745562,0.61056954,-2.548351,-1.6261107,7697ed3e
261,0.87244034,3.8543758,2.374535,0.13413417,2.3870482,1.731982,2.088719,0.56557596,-1.9297265,2.6155279,c545a354
262,6.712799,1.671837,1.8610481,-1.02543,-1.0710669,0.030075809,1.0797508,2.5632243,-2.4701617,0.28318092,88154ade
263,2.7646215,0.057308022,5.3833327,-0.07721146,2.3649194,2.2637374,3.7117977,1.5616726,-2.018352,1.0442811,26fa1946
264,3.4068105,0.9927373,0.98305774,-1.3282057,-0.45599416,-0.7810405,0.47680584,-3.891807,-3.5965686,0.8574517,030fed15
265,2.94692,0.54546285,-1.6150478,-1.5699092,2.526295,0.8207128,1.211819,0.68720794,-5.0190687,0.55625117,429c2fda
266,1.3696808,1.3430065,1.7777067,3.358493,3.8972013,0.6765291,1.7534153,-0.6574191,-2.845494,-0.693332,933c9c3d
267,1.992626,2.936219,1.9647111,-0.6625011,0.011223955,2.2385607,3.3643076,-1.0155991,-1.7190447,3.1127012,e7777bfa
268,2.6793256,3.2417004,2.1175056,2.081771,-0.81440675,3.0586345,3.6626947,2.3488808,-2.7704127,0.9395056,6ec06dbd
269,1.6048801,0.12062278,-1.23733,-1.7488023,0.45159724,-0.48778212,-0.1943982,-0.49753463,-4.087717,2.899133,517d50bf
270,4.840885,-0.57400894,-2.442551,3.1091115,0.75885206,-0.45957616,3.124834,-0.3955299,-3.3453686,1.002447,ec47f32a
271,-0.2724238,2.7128863,1.8185489,1.8264991,0.14752954,0.7283404,4.2857075,0.2021515,-4.538614,-0.24977913,c21df24f
272,4.7006,2.5538077,3.544271,1.8167576,0.23004779,0.36111507,-0.644234,1.0259297,-0.75837576,0.25551987,76274f48
273,2.8653758,0.7146083,4.5309114,-2.7611008,0.31139436,0.4958538,0.8151176,1.3793755,-5.2923603,-1.2509713,0c2fe9d6
274,2.6545906,2.3611856,4.4568787,0.5642827,0.8373532,0.63225,0.8767491,3.9060252,-2.8621109,-0.496274,f291742b
275,2.3945284,-3.4097328,1.6931776,0.18169886,-0.45717365,1.3897389,4.0757017,0.87791234,-2.9340632,3.8543253,ba9aee1b
276,1.527464,4.379445,-0.7955497,-0.2956596,-0.25307882,-0.18312219,2.3390381,0.3987195,-3.818126,2.2663052,c5944aac
277,-1.0840333,1.8003044,0.6139904,0.69759196,-1.6344544,0.9875053,1.0801922,0.35090083,-5.491394,1.99294,2e789246
278,3.489797,0.66804516,2.873156,-1.9197714,1.348745,-2.9602616,1.2750579,-0.88690966,-1.502977,2.5462527,15a497fe
279,-0.24387488,-1.6933756,0.4582156,2.5187094,1.4382156,0.08219153,0.81806934,-0.007994029,-2.892667,0.80340034,2328ee8e
280,3.9303973,-1.1303358,1.0051512,2.7747607,1.9463851,-0.65627754,2.8741503,-1.9724588,-0.9054398,1.0568905,dfb4663b
281,1.5864362,0.106916994,0.54186267,0.8835333,1.7047802,-0.19653614,-1.3505546,0.9100627,-1.7554587,0.086156264,e151e245
282,0.65549976,4.3431463,3.4893482,0.8755494,-0.8645749,0.60327184,1.0279915,-0.19607612,-3.102939,0.460167,6f1058d5
283,4.195373,0.14383735,4.4069943,-1.8286927,1.0550598,-2.1180022,-0.13697359,2.676551,-2.011516,2.1635005,dcc019de
284,4.0447583,1.7201754,-1.112045,1.6892791,-0.27030402,1.8973092,1.9945271,1.5836914,-4.1059723,-1.0880526,acc6cd52
285,3.0491078,-3.3137326,1.9567319,-1.0789741,3.135585,-1.3081805,1.009502,-0.6500563,-4.334355,0.28571728,395fa97c
286,3.4995196,1.000443,2.9796739,0.82144815,0.6741851,0.24018914,5.7735777,-0.75622666,-1.9708807,-0.24282716,543a539e
287,2.6008794,3.1800833,-0.9609687,-1.1762547,0.6939621,-1.6144493,-0.5792484,-0.3773905,-4.488078,1.3722382,2398553f
288,1.9596384,-1.7198218,-0.13954572,-1.2582712,1.0469437,-1.9157627,3.9998496,-1.3881384,-6.6069646,0.47785977,d8bb8687
289,1.5836552,0.43444508,1.8255528,2.3900406,0.19262895,3.8790486,1.968713,-2.3710997,-2.5677006,1.5326246,3dd5f4e7
290,1.9395812,1.5369959,3.702762,-2.0223758,1.1902342,0.90600806,-1.0242561,-1.8441043,-4.0201883,0.34341222,91033a8d
291,2.9763613,-2.7090154,1.1803902,2.1716845,-0.5578571,0.9366605,4.104142,-3.1925714,-3.9780612,0.572988,a6e60555
292,3.9301798,-0.53596395,-0.27420872,-1.9998658,0.32295612,-1.9522043,0.8143811,3.71603,-4.5989995,2.7297366,29229f8e
293,1.210927,-1.6375601,0.3545611,2.4218824,0.9891817,3.560885,0.067934096,-0.96273124,-3.4199286,3.433082,32cfebb4
294,1.4382386,0.032066338,0.18466416,0.3535928,2.0972745,3.4905956,2.4354696,-2.8976471,-6.1893473,0.5375724,178a7b89
295,3.5782676,1.5017225,2.8429286,0.8226617,-0.52559274,1.9987463,-1.6111919,3.65708,-2.4187338,1.7437731,791b5571
296,0.67437196,-0.35738313,0.6161205,0.6846981,-0.7769821,-0.6964869,0.28781298,0.49097735,-1.6285706,-0.018111385,85f751fd
297,1.8552196,0.17903993,-2.0759387,1.2568415,-1.8712965,-1.8166811,0.7557437,-1.2648901,-5.377313,2.4421878,c54454a2
298,3.036391,1.3243041,1.7972344,2.6884978,-1.1423161,3.4793253,-0.38951436,0.4437653,-2.9783907,-0.3999665,212fa59d
299,2.467701,0.5527319,-1.9359334,0.31462067,0.6518001,0.71446276,-0.048763875,3.0169284,-3.9941776,3.4414313,2d7bacb1
300,-0.4810059,2.9458196,2.15685,1.3966293,-0.19801691,-1.055179,4.0169325,0.58295274,-2.8901734,2.6333542,5de151f0
301,1.566131,-0.7816753,0.008246906,3.0284624,-0.08983577,3.0551736,-1.2080727,-0.008801185,-5.417577,0.3523007,8f51bf3a
302,1.9268893,3.1702917,3.4615226,-0.911105,-1.0267129,-0.20943622,-1.62538,0.18418263,-3.72943,0.4383247,e56dbb9b
303,4.16313,0.3178589,3.4927266,0.65270454,-1.659951,0.21162912,-1.2008911,0.91961247,-0.76755226,3.0575154,fbfbe4c5
304,1.7463888,-1.0866661,2.1506395,1.9769683,2.1271286,-0.082399994,2.2613328,-2.175625,-0.7460287,4.098099,3a593b4c
305,2.62817,0.31181645,1.1195784,-1.7695668,1.3525217,-3.5547988,-1.0715451,0.21093985,-3.620548,2.1638734,14a5a57a
306,0.1554761,-1.8098819,0.00908267,2.3004997,0.99775094,-0.37012324,0.726012,0.5504412,-2.3682861,1.5816147,93377b07
307,2.1287484,2.549657,2.7990375,-0.2491024,0.9353963,3.105911,1.8363891,0.5205553,-3.6173599,-1.0862367,8907c166
308,6.09688,-0.62749285,-0.14834869,0.70493054,0.29146183,0.79765505,1.8336703,-0.9697875,-2.6637025,-0.90377754,023f3644
309,3.6155493,1.9011635,0.07184245,-2.142598,-1.546093,1.4380692,2.3626597,0.20916677,-2.9469967,4.8911276,222acd54
310,0.27812725,0.05771641,2.4000483,1.1423568,-1.3744379,-0.645708,-1.4909801,-0.7702934,-2.2111669,2.2509148,9e8cf15d
311,3.938669,-2.7812705,1.5257118,-1.0381241,0.12568343,-0.69412833,1.1895121,-2.6520803,-2.983838,1.3795848,6e0697bd
312,3.768254,-0.8612247,0.8054831,-2.5261483,-0.38916206,-0.5291726,0.45712134,0.31352547,-2.4201558,4.1684337,7c6576be
313,0.66413236,1.201094,-0.03531883,1.3978602,-0.1881742,0.027798235,-0.53147787,-0.24990582,-1.133374,1.6602324,1fbe01fe
314,4.8157973,4.173036,2.6208093,1.319069,-0.45849848,-1.9845098,1.0532818,3.0503912,-1.2898841,2.4903288,92c7cbe7
315,-0.20889844,0.6289291,0.8612531,1.8015082,2.450317,1.0101638,0.5751418,-3.597771,-4.1173506,2.3303099,91069c72
316,3.4749122,-0.28234553,0.8287166,-2.8026078,3.0189397,-0.6472297,1.1295987,-1.5697229,-3.1129901,1.9476113,9d5dba0f
317,4.0773387,0.4402096,1.3274034,2.1701343,2.9058993,-0.48605648,-0.76939076,-0.22084816,-1.2989773,-0.32238016,0ce41d3a
318,-0.2504034,-0.43328628,2.9326284,-0.020038439,1.4067857,1.3574365,-0.39785692,2.2968962,-5.2899,0.14993967,c65c4fc4
319,4.2554564,-0.19016962,2.2760875,-2.9078693,-0.44747567,-0.8943516,2.5794744,0.26715282,-2.8113601,0.63410455,94440a23
320,0.7935649,1.827003,2.822106,2.3364625,3.8196585,2.2407062,1.2127266,3.7971876,-3.8599482,1.0295963,c63170c5
321,2.7625415,0.9546481,3.035115,1.2693985,2.7592804,1.1883514,-0.60209656,-2.4558794,-3.4008458,-1.3939776,3d87b0da
322,3.7388432,1.472043,2.1949837,2.152525,1.2443359,-1.1653247,2.2269478,-3.0864,-1.1856112,0.025623476,bcc1871c
323,4.61971,-0.045722578,-1.3485097,1.9263989,3.619604,0.49503285,1.3582808,-0.8167383,-1.6105971,3.0196934,e17e3ba9
324,4.2061195,0.21900631,3.7843375,-0.57107705,-1.7954714,1.3552653,-0.9900058,-0.73238975,-2.1530561,0.7248479,6227cf3f
325,2.5016139,2.0365233,-0.45984355,1.8440841,4.435656,1.0695646,2.1666124,0.47563183,-2.4467363,1.0914677,8.6548E+023
326,-0.09719468,-1.7909182,2.9203107,0.44178817,1.8705628,0.39902174,-0.24280614,-1.9407897,-4.8684826,0.4070132,110b33dc
327,1.2441635,3.0006082,3.8528202,1.1373676,2.8367739,2.4439766,-1.1391873,-0.92292696,-3.0092182,1.0348628,d7714196
328,1.9778183,-1.3139265,2.3750756,1.1394005,3.2952163,-3.187918,4.605494,0.7186573,-2.4268138,2.4866314,517b8671
329,4.7778635,0.08330928,1.9447865,1.5812745,-0.4051957,0.07340016,0.025495477,-3.5280542,-1.35141,1.0367873,9550c324
330,2.3056672,-0.72534156,4.1799197,0.76172227,2.3592484,0.55585533,0.13348751,0.95369077,-0.5110268,3.8829935,4b97ec59
331,1.4212832,0.42341587,2.396606,1.117949,3.5210414,1.9953642,1.5236148,0.9775773,-1.1247915,4.155429,3e447381
332,4.084867,2.0388663,2.624906,-1.1307226,2.0597384,2.9093719,0.33990902,0.5734373,-1.662674,1.1267397,4cb8a479
333,3.6104443,3.449757,1.7099981,-1.5114077,0.23715648,-1.426623,-1.4138112,0.22115505,-2.8622622,1.1743658,f28fd69f
334,0.3585944,0.023588553,3.5439482,0.22590847,-0.7453101,2.623554,2.2824163,-0.7803744,-2.2506287,3.8076074,20e2b21c
335,3.2142823,-0.50535464,1.5622653,-2.134042,1.0144534,1.4774386,2.7252965,-2.296954,-2.152267,2.9317248,9fe5a9e2
336,3.8374813,1.5667919,-1.8352495,1.8914559,0.28465348,-3.4181764,1.1489966,0.12005766,-3.2166183,1.5159259,d8592597
337,0.13310772,-1.3041679,3.328533,3.057039,1.1515297,1.8441933,2.9035716,-1.0511973,-2.2418816,1.825711,8e983a36
338,0.49228072,2.6968615,0.3465399,1.4197459,-1.1041647,1.3500433,1.0815369,-1.7582353,-5.1913404,-0.08212135,ddcc553b
339,3.8775353,0.50372267,1.6858873,2.2052882,3.7094374,-0.8593178,0.8393327,-1.0927445,-0.1938024,2.8416057,a2514528
340,1.3296323,-1.1478086,1.0446795,-0.4357128,0.98514986,-1.8997836,-0.13996477,-3.200603,-5.0432167,0.73036903,240ecdfd
341,1.9924284,-0.35326508,2.7477028,2.4625487,-2.8866417,2.9058163,0.5153054,-1.2447877,-2.7165842,1.7887081,6509a456
342,4.3511643,0.31825522,1.1900463,0.9529588,-0.57504624,3.3321962,2.0180182,-3.2122684,-2.5887938,0.87943524,fe8cc448
343,3.5518882,0.29118556,3.211654,-0.5142081,-3.1343117,2.8742268,1.9606931,1.7081004,-2.7036533,2.7318733,bb4524e7
344,2.6772819,0.034492042,-0.8380584,1.7282085,2.4778657,2.8605294,2.387339,1.1535705,-2.0500329,2.9191108,8ad08b12
345,2.1946695,-2.117527,2.2923517,1.93621,3.9339201,1.7306985,0.9147344,-1.0208553,-2.922243,0.11116731,8e35d87a
346,2.0136368,1.1247138,1.8926765,-1.973633,2.0138988,3.281437,2.343284,-0.44776878,-2.6991684,2.4129834,cd58172f
347,2.4723074,-0.74432474,2.4136698,-1.4533223,3.6956637,-1.3386116,1.6806084,0.81385964,-1.7667757,4.436373,41477778
348,-0.857655,0.48356944,-0.10771104,-0.11817812,1.0791094,-0.38123456,1.0539165,0.55334026,-6.4195094,0.73145396,5070e53c
349,3.3677917,-0.4232422,2.5696418,-1.4869306,-2.390848,-0.81957906,3.0379214,-0.36279687,-1.8597192,3.097008,e54b036a
350,4.822533,0.45624286,-0.73170114,0.026039448,0.40894783,1.3231295,-0.9266767,-2.8658302,-2.951578,1.6916106,77d50753
351,2.551279,2.6962655,0.88003147,-1.3634403,1.9390558,-1.0031531,3.8763053,2.325612,-2.550888,2.1340246,7443a906
352,0.21409853,2.0396583,3.2149537,-0.8672882,0.58961844,0.73117644,4.2799454,2.0613565,-3.3680763,1.8845471,2fdff0f2
353,1.5712667,0.496462,1.342175,0.10763095,1.621678,2.3532631,2.3625178,-1.1027957,-1.4719328,5.063419,ce5ad4c4
354,3.7379231,0.00620681,1.1569548,0.74101925,3.252574,-1.4525497,0.3106608,-3.3794942,-2.4292486,0.48192772,dbd437ea
355,2.9768114,4.2398195,1.3067516,1.106445,-0.39822897,0.37312332,0.3876699,1.4885744,-3.1835797,-0.9720916,5d33ff07
356,2.7719917,3.543395,3.8532498,-0.97201395,0.6264896,0.3743962,-0.5528851,1.990864,-1.5988687,4.118104,235ba823
357,0.97147274,-0.19136961,0.076782405,1.0901368,0.56914365,1.7930306,2.6690302,3.4931567,-4.6062956,0.47271505,7b86de5b
358,2.8908262,0.27344272,2.990446,3.1678267,-0.8138528,1.5958091,0.5315956,-3.7442203,-4.3820853,-1.3846008,2b1ddb24
359,4.1363115,1.5200324,-0.03446871,0.05857053,-0.5381539,-2.0163965,3.916711,-0.8080169,-3.1014674,-0.41087145,7a34d501
360,1.9844766,-1.9027487,1.8559517,-1.7056866,0.1035548,-2.1584253,2.8348436,0.849874,-2.7690437,3.7929814,c3063686
361,4.7741942,-1.2360004,1.0628688,0.6599665,0.47634766,2.8446445,4.092968,2.3185205,-2.6809318,0.4551153,df7971d4
